,id,name,real_name,win_per,wins,losses,num_of_games,rank,kills,deaths,assists,kda,server
0,4483,Akaadian,Matthew Higginbotham,41%,7,10,17,Diamond IV ,128,90,101,2.5444444444444443,NA1
1,4485,Aphromoo,Zaqueri Black,0%,0,1,1,Platinum I ,0,5,7,1.4,NA1
2,4500,Armut,İrfan Berk Tükek,48%,83,89,172,Master I ,1069,1018,943,1.9764243614931238,EUW1
3,4506,Bjergsen,Søren Bjerg,57%,34,26,60,Diamond I ,394,247,340,2.97165991902834,NA1
4,4507,Bang,Bae Jun-sik (배준식),44%,24,30,54,Diamond IV ,275,237,418,2.9240506329113924,KR
5,4509,Bdd,Kwak Bo-seong (곽보성),0%,0,1,1,Platinum I ,3,4,2,1.25,KR
6,4514,Boxbox,Albert Zheng,31%,11,24,35,Diamond II ,176,148,208,2.5945945945945947,NA1
7,4521,Broxah,Mads Brock-Pedersen,53%,50,44,94,Master I ,712,407,789,3.687960687960688,NA1
8,4527,Broken Blade,Sergen Çelik,64%,47,26,73,Grandmaster I ,508,395,442,2.4050632911392404,EUW1
9,4532,Caps,Rasmus Winther,55%,144,118,262,Grandmaster I ,1989,1863,1537,1.8926462694578636,EUW1
10,4541,Closer,Can Çelik,68%,34,16,50,Grandmaster I ,440,219,404,3.853881278538813,NA1
11,4544,Dardoch,Joshua Hartnett,47%,18,20,38,Grandmaster I ,261,208,237,2.394230769230769,NA1
12,4546,CoreJJ,Jo Yong-in (조용인),56%,91,71,162,Grandmaster I ,583,992,1960,2.563508064516129,NA1
13,4547,Ceos,Denilson Oliveira Gonçalves,54%,99,85,184,Grandmaster I ,592,1081,2650,2.9990749306197966,BR1
14,4548,Cpt Jack,Kang Hyung-woo (강형우),50%,23,23,46,Platinum II ,195,252,392,2.3293650793650795,KR
15,4552,Darshan,Darshan Upadhyaya,51%,42,40,82,Master I ,510,546,445,1.749084249084249,NA1
16,4556,Destiny,Mitchell Shaw,49%,136,143,279,Challenger I ,444,1195,3381,3.200836820083682,NA1
17,4560,Doublelift,Yiliang Peng,51%,132,129,261,Master I ,1522,1211,1781,2.727497935590421,NA1
18,4561,Deft,Kim Hyuk-kyu (김혁규),48%,165,180,345,Diamond I ,2012,1978,2518,2.290192113245703,KR
19,4563,DudsTheBoy,Igor Lima Homem,61%,56,36,92,Master I ,680,461,632,2.8459869848156183,BR1
20,4570,Envy,Bruno Farias,64%,14,8,22,Diamond I ,222,103,135,3.466019417475728,BR1
21,4572,Effort,Lee Sang-ho (이상호),58%,38,28,66,Master I ,111,306,867,3.196078431372549,KR
22,4578,FEBIVEN,Fabian Diepstraten,43%,23,31,54,Master I ,391,390,404,2.0384615384615383,EUW1
23,4587,Faker,Lee Sang-hyeok (이상혁),59%,131,91,222,Diamond I ,1445,961,1598,3.166493236212279,KR
24,4596,Armao,Jonathan Armao,60%,91,61,152,Grandmaster I ,1146,809,1392,3.137206427688504,NA1
25,4606,Hauntzer,Kevin Yarnell,34%,21,41,62,Master I ,331,367,304,1.7302452316076293,NA1
26,4609,hi im gosu,,40%,2,3,5,Diamond I ,31,36,29,1.6666666666666667,NA1
27,4611,Huni,Seung-Hoon Heo,50%,2,2,4,Platinum I ,21,30,40,2.033333333333333,NA1
28,4614,Impact,Jung Eon-yeong (정언영),57%,138,103,241,Master I ,1335,1208,1803,2.597682119205298,NA1
29,4616,Hans Sama,Steven Liv,78%,7,2,9,Diamond IV ,108,37,69,4.783783783783784,EUW1
30,4619,Hylissang,Zdravets Galabov,51%,41,40,81,Diamond I ,243,535,1122,2.5514018691588785,EUW1
31,4621,HolyPhoenix,Anıl Işık,50%,99,98,197,Grandmaster I ,1846,1472,1372,2.186141304347826,TR1
32,4622,IgNar,Dong-Geun Lee,52%,81,74,155,Master I ,342,760,1897,2.9460526315789473,NA1
33,4625,Jactroll,Jakub Skurzyński,25%,1,3,4,Platinum I ,8,27,48,2.074074074074074,EUW1
34,4627,Jankos,Marcin Jankowski,53%,149,131,280,Master I ,2408,1491,2382,3.2126089872568744,EUW1
35,4631,K1ng,Calvin Truong,55%,69,56,125,Master I ,1073,604,977,3.3940397350993377,OC1
36,4642,Lourlo,Samson Jackson,0%,0,3,3,Diamond IV ,30,23,12,1.826086956521739,NA1
37,4651,Lava,Kim Tae-hoon (김태훈),55%,161,134,295,Diamond I ,1886,1775,1887,2.1256338028169015,KR
38,4652,Kobbe,Kasper Kobberup,59%,26,18,44,Master I ,306,214,351,3.0700934579439254,NA1
39,4661,Licorice,Eric Ritchie,57%,128,97,225,Master I ,1400,1214,1247,2.1803953871499178,NA1
40,4674,micaO,Micael Rodrigues,47%,14,16,30,Diamond I ,194,126,211,3.2142857142857144,BR1
41,4681,Odoamne,Andrei Pascu,49%,110,114,224,Master I ,1362,1237,1332,2.1778496362166533,EUW1
42,4682,Khan,Kim Dong-ha (김동하),53%,104,92,196,Grandmaster I ,1029,1131,1152,1.9283819628647214,KR
43,4688,Mikyx,Mihael Mehle,56%,70,54,124,Challenger I ,359,800,1771,2.6625,EUW1
44,4696,Perkz,Luka Perković,43%,23,31,54,Platinum I ,359,358,385,2.078212290502793,NA1
45,4708,Tore,Tore Hoel Eilertsen,48%,48,52,100,Master I ,356,449,1318,3.728285077951002,EUW1
46,4713,Keith,Yuri Jew,54%,68,58,126,Master I ,1006,794,917,2.4219143576826196,NA1
47,4720,PowerOfEvil,Tristan Schrage,55%,103,84,187,Grandmaster I ,1291,1208,1439,2.2599337748344372,NA1
48,4729,Robo,Leonardo Souza,53%,55,49,104,Master I ,610,652,524,1.7392638036809815,BR1
49,4732,Rekkles,Martin Larsson,55%,132,108,240,Grandmaster I ,1361,850,2467,4.503529411764706,EUW1
50,4733,Ruler,Park Jae-hyuk (박재혁),51%,143,135,278,Master I ,1716,1560,1703,2.191666666666667,KR
51,4734,Santorin,Lucas Tao Kilmer Larsen,59%,44,31,75,Grandmaster I ,667,308,592,4.087662337662338,NA1
52,4749,Nisqy,Yasin Dincer,52%,225,206,431,Challenger I ,3099,2153,2997,2.8313980492336275,EUW1
53,4756,ry0ma,Tommy Le,54%,15,13,28,Platinum I ,216,157,190,2.5859872611464967,NA1
54,4757,Ssumday,Kim Chan-ho (김찬호),56%,179,143,322,Master I ,1292,1281,2161,2.6955503512880563,NA1
55,4759,Sneaky,Zachary Scuderi,55%,56,46,102,Master I ,766,424,728,3.5235849056603774,NA1
56,4760,Smoothie,Andy Ta,54%,158,136,294,Challenger I ,694,1439,3900,3.192494788047255,NA1
57,4762,Stixxay,Trevor Hayes,33%,1,2,3,Platinum I ,13,24,44,2.375,NA1
58,4767,Roach,Kim Kang-hui (김강희),50%,138,138,276,Diamond I ,1305,1653,1619,1.7689050211736237,KR
59,4769,Patrik,Patrik Jírů,75%,12,4,16,Master I ,207,113,101,2.725663716814159,EUW1
60,4778,RedBert,Ygor Freitas,52%,93,86,179,Master I ,658,1017,2442,3.048180924287119,BR1
61,4786,Shiphtur,Danny Le,55%,28,23,51,Diamond II ,385,287,402,2.7421602787456445,NA1
62,4791,Svenskeren,Dennis Johnsen,58%,38,28,66,Grandmaster I ,458,332,606,3.2048192771084336,NA1
63,4794,Zven,Jesper Svenningsen,56%,40,31,71,Grandmaster I ,410,295,441,2.8847457627118644,NA1
64,4804,Summit,Park Woo-tae (박우태),50%,79,80,159,Diamond I ,813,951,694,1.5846477392218716,KR
65,4810,Upset,Elias Lipp,59%,27,19,46,Diamond I ,576,325,385,2.956923076923077,EUW1
66,4821,Tay,Rodrigo Panisa,53%,57,50,107,Master I ,806,406,677,3.6527093596059115,BR1
67,4841,Damage,Yan Sales Neves,54%,75,63,138,Diamond I ,427,793,1740,2.7326607818411097,BR1
68,4893,Vander,Oskar Bogdan,44%,52,67,119,Diamond II ,366,643,1508,2.9144634525660966,EUW1
69,4910,Wunder,Martin Hansen,64%,69,39,108,Master I ,740,790,611,1.710126582278481,EUW1
70,4913,Imaqtpie,Michael Santana,55%,151,126,277,Master I ,1546,1741,2474,2.309017805858702,NA1
71,4914,Scarra,William Li,67%,2,1,3,Platinum I ,12,17,12,1.411764705882353,NA1
72,4928,Damonte,Tanner Damonte,45%,5,6,11,Diamond I ,59,67,98,2.343283582089552,NA1
73,4938,Adrian Riven,Adrian,52%,32,30,62,Master I ,333,358,285,1.7262569832402235,NA1
74,4977,Fly,Song Yong-jun (송용준),51%,76,72,148,Diamond I ,856,795,1129,2.49685534591195,KR
75,4978,Annie Bot,Jared Carr,51%,182,172,354,Master I ,1996,1495,2365,2.917056856187291,NA1
76,5005,Tyler1,Tyler Steinkamp,51%,243,236,479,Diamond I ,3053,3414,3307,1.8629173989455186,NA1
77,5023,IWillDominate,Christian Rivera,33%,7,14,21,Platinum I ,157,135,151,2.2814814814814817,NA1
78,5050,Sacre,Toni Sabalić,51%,22,21,43,Master I ,209,190,231,2.3157894736842106,EUW1
79,5109,WildTurtle,Jason Tran,60%,136,89,225,Grandmaster I ,1840,1181,1425,2.764606265876376,NA1
80,5110,Blaber,Robert Huang,58%,42,31,73,Master I ,511,345,599,3.217391304347826,NA1
81,5131,Lehends,Son Si-woo (손시우),56%,92,71,163,Master I ,471,896,2100,2.869419642857143,KR
82,5169,Luger,Fatih Güven,53%,72,64,136,Master I ,1077,710,1019,2.952112676056338,NA1
83,5228,Woolite,Paweł Pruski,51%,48,47,95,Diamond I ,686,699,656,1.9198855507868384,EUW1
84,5271,Rascal,Kim Kwang-hee (김광희),49%,160,165,325,Master I ,1930,2047,1710,1.7782120175867122,KR
85,5291,Leo,Han Gyeo-re (한겨레),57%,52,39,91,Diamond I ,578,503,625,2.3916500994035785,KR
86,5292,Nightblue3,Rabia Yazbek,53%,97,86,183,Master I ,1478,1314,1531,2.2899543378995433,NA1
87,5293,Pants are Dragon,Matthew Nguyen,100%,2,0,2,Challenger I ,21,24,22,1.7916666666666667,NA1
88,5333,Cowsep,Joseph Hursey,50%,2,2,4,Platinum II ,50,34,19,2.0294117647058822,KR
89,5357,Ming,Shi Sen-Ming (史森明),35%,18,33,51,Master I ,131,361,599,2.0221606648199444,KR
90,5388,LL Stylish,Yanni Azamoum,54%,126,108,234,Grandmaster I ,2096,1383,1366,2.5032537960954446,NA1
91,5408,Clid,Kim Tae-min (김태민),53%,177,154,331,Grandmaster I ,2095,1497,2543,3.0981963927855714,KR
92,5466,Yassuo,"Hammoudi ""Moe""",62%,16,10,26,Platinum I ,200,249,186,1.5502008032128514,NA1
93,5506,Flawless,Sung Yeon-jun (성연준),48%,12,13,25,Platinum I ,209,112,189,3.5535714285714284,KR
94,5513,Dove,Kim Jae-yeon (김재연),51%,279,273,552,Master I ,2773,3253,2935,1.754687980325853,KR
95,5519,Rookie,Song Eui-jin (송의진),69%,20,9,29,Diamond II ,207,116,233,3.793103448275862,KR
96,5530,Nuguri,Jang Ha-gwon (장하권),60%,3,2,5,Master I ,34,27,30,2.3703703703703702,KR
97,5531,ShowMaker,Heo Su (허수),55%,112,93,205,Master I ,1234,1092,1440,2.448717948717949,KR
98,5598,Heisendong,,75%,3,1,4,Platinum I ,26,16,48,4.625,NA1
99,5603,Alphari,Barney Morris,62%,47,29,76,Master I ,497,343,424,2.685131195335277,NA1
100,5612,Humanoid,Marek Brázda,53%,124,110,234,Diamond I ,1698,1397,1504,2.292054402290623,EUW1
101,5630,Selfmade,Oskar Boderek,50%,105,103,208,Master I ,2072,1500,1364,2.2906666666666666,EUW1
102,5641,Huhi,Choi Jae-hyun (최재현),45%,5,6,11,Platinum I ,86,65,71,2.4153846153846152,NA1
103,5643,JayJ,Juan Guibert,48%,46,50,96,Master I ,218,508,1293,2.9744094488188977,NA1
104,5644,Soligo,Max Soong,61%,20,13,33,Diamond I ,201,158,331,3.367088607594937,NA1
105,5645,Vulcan,Philippe Laflamme,59%,88,61,149,Diamond I ,391,842,2356,3.2624703087885987,NA1
106,5648,Griffin,Raymond Griffin,53%,27,24,51,Master I ,374,269,425,2.970260223048327,NA1
107,5651,BeryL,Cho Geon-hee (조건희),49%,79,81,160,Diamond I ,428,862,1954,2.7633410672853826,KR
108,5653,Canyon,Kim Geon-bu (김건부),60%,214,140,354,Grandmaster I ,2599,1873,2417,2.6780565936999468,KR
109,5654,Chovy,Jeong Ji-hoon (정지훈),59%,95,65,160,Master I ,1093,717,988,2.902370990237099,KR
110,5658,Hoit,Ryu Ho-seong (류호성),49%,135,139,274,Diamond I ,894,1549,3193,2.6384764364105875,KR
111,5660,Kellin,Kim Hyeong-gyu (김형규),51%,80,77,157,Challenger I ,451,784,1995,3.1198979591836733,KR
112,5661,Kiin,Kim Gi-in (김기인),65%,15,8,23,Diamond I ,170,100,124,2.94,KR
113,5663,OnFleek,Kim Jang-gyeom (김장겸),54%,135,117,252,Diamond I ,1639,1252,1676,2.6477635782747604,KR
114,5665,Route,Moon Geom-su (문검수),51%,121,118,239,Grandmaster I ,1362,1262,1749,2.46513470681458,KR
115,5670,Teddy,Park Jin-seong (박진성),50%,88,88,176,Diamond I ,1149,1173,1206,2.0076726342710995,KR
116,5673,Dread,Lee Jin-hyeok (이진혁),51%,64,61,125,Diamond I ,916,629,805,2.7360890302066774,KR
117,5687,Mills,Guilherme Uessler Conti,43%,44,59,103,Master I ,725,619,668,2.250403877221325,BR1
118,5689,Ranger,Filipe Brombilla,50%,50,51,101,Diamond II ,695,607,851,2.5469522240527183,BR1
119,5694,Bolulu,Onur Can Demirol,49%,36,37,73,Diamond II ,540,494,514,2.133603238866397,TR1
120,5698,Mojito,Berk Kocaman,33%,1,2,3,Platinum I ,28,16,24,3.25,TR1
121,5703,Madly,Ferhat Can Atma,63%,40,24,64,Master I ,513,428,381,2.088785046728972,TR1
122,5707,Pbd,Alihan Ocaklı,43%,79,104,183,Diamond II ,429,1075,2428,2.657674418604651,TR1
123,5710,StarScreen,Soner Kaya,51%,131,124,255,Grandmaster I ,1597,1580,1369,1.8772151898734177,TR1
124,5722,Eyla,Bill Nguyen,57%,36,27,63,Master I ,354,310,633,3.1838709677419357,NA1
125,5723,FBI,Victor Huang,62%,32,20,52,Grandmaster I ,384,248,359,2.995967741935484,NA1
126,5727,Haeri,Harry Kang,71%,15,6,21,Diamond I ,158,80,131,3.6125,NA1
127,5736,Topoon,Kim Ji-hoon (김지훈),59%,41,28,69,Master I ,443,433,461,2.087759815242494,OC1
128,5791,Tinowns,Thiago Sartori,69%,55,25,80,Grandmaster I ,520,298,606,3.778523489932886,BR1
129,5794,Finn,Finn Wiestål,43%,82,109,191,Master I ,1088,1103,1186,2.0616500453309157,NA1
130,5798,Inspired,Kacper Słoma,50%,51,52,103,Grandmaster I ,735,457,788,3.3326039387308533,EUW1
131,5803,Dan,Daniel Hockley,58%,31,22,53,Master I ,381,280,614,3.5535714285714284,EUW1
132,5819,Lurox,Lukas Thoma,57%,99,74,173,Master I ,1263,765,1536,3.6588235294117646,EUW1
133,5820,Sertuss,Daniel Gamani,56%,240,190,430,Challenger I ,3346,2353,3160,2.764980875478113,EUW1
134,5823,Jenax,Janik Bartels,54%,63,53,116,Challenger I ,830,651,717,2.3763440860215055,EUW1
135,5826,TheShy,Kang Seung-lok (강승록),59%,117,83,200,Diamond I ,1276,1176,1230,2.130952380952381,KR
136,5851,Kumo,Ziqing Zhao,46%,12,14,26,Diamond II ,126,125,155,2.248,NA1
137,5852,Diamond,David Bérubé,54%,43,36,79,Master I ,281,477,1031,2.750524109014675,NA1
138,5855,Prismal,Jacob Feinstein,44%,31,40,71,Diamond I ,498,512,459,1.869140625,NA1
139,5857,Spica,Mingyi Lu,52%,70,65,135,Grandmaster I ,1158,670,1141,3.4313432835820894,NA1
140,5861,Palafox,Cristian Palafox,50%,8,8,16,Diamond IV ,103,67,73,2.626865671641791,NA1
141,5867,Jenkins,Thomas Tran,59%,72,51,123,Master I ,833,663,735,2.3650075414781297,NA1
142,5880,Insanity,David Challe,43%,6,8,14,Master I ,76,67,69,2.1641791044776117,NA1
143,5888,Katsurii,Robert Gouv,45%,5,6,11,Diamond III ,60,41,71,3.1951219512195124,NA1
144,5900,Lost,Lawrence Sze Yuy Hui,54%,61,51,112,Master I ,915,492,794,3.4735772357723578,NA1
145,5902,Scout,Lee Ye-chan (이예찬),48%,45,49,94,Diamond I ,556,413,567,2.719128329297821,KR
146,5911,Umut,Umut Atlı,51%,144,139,283,Master I ,1611,1482,2280,2.625506072874494,EUW1
147,5913,Juuzou,Barış Karatop,45%,18,22,40,Diamond I ,293,238,302,2.5,EUW1
148,5920,Luana,Berkant Kayhan,55%,41,34,75,Master I ,431,261,405,3.203065134099617,EUW1
149,5953,Ablazeolive,Nicholas Antonio Abbott,54%,145,125,270,Challenger I ,1761,1295,1817,2.762934362934363,NA1
150,5977,Comp,Markos Stamkopoulos,51%,180,171,351,Challenger I ,2765,1937,2836,2.8915849251419723,EUW1
151,5979,LIMIT,Dino Tot,60%,28,19,47,Master I ,167,259,640,3.115830115830116,EUW1
152,5985,Razork,Iván Martín Díaz,55%,58,47,105,Master I ,864,538,881,3.2434944237918217,EUW1
153,5986,Denyk,Petr Haramach,50%,59,58,117,Grandmaster I ,362,614,1479,2.998371335504886,EUW1
154,5991,Carzzy,Matyáš Orság,50%,78,79,157,Master I ,1414,1121,1016,2.167707404103479,EUW1
155,5993,Gilius,Erberk Demir,47%,77,88,165,Master I ,1098,1034,1361,2.3781431334622822,EUW1
156,6000,Fudge,Ibrahim Allami,50%,110,112,222,Diamond I ,1414,1064,1267,2.5197368421052633,NA1
157,6003,Czekolad,Paweł Szczepanik,52%,61,57,118,Grandmaster I ,756,911,776,1.6816684961580681,EUW1
158,6011,Szygenda,Mathias Jensen,0%,0,2,2,Challenger I ,14,12,11,2.0833333333333335,EUW1
159,6013,Deadly,Matthew Smith,58%,125,91,216,Challenger I ,1669,1296,1595,2.5185185185185186,EUW1
160,6015,Pride,Mahdi Nasserzadeh,51%,18,17,35,Diamond I ,226,202,225,2.232673267326733,EUW1
161,6016,Oscarinin,Óscar Muñoz,53%,75,67,142,Master I ,822,903,863,1.8660022148394242,EUW1
162,6017,Nasser,Nasser Rifai,48%,66,71,137,Master I ,1080,820,908,2.424390243902439,EUW1
163,6019,Supa,David Martinez Garcia,50%,22,22,44,Master I ,317,246,336,2.654471544715447,EUW1
164,6020,Aesenar,Luis Calderón,56%,158,123,281,Master I ,766,1678,3727,2.6775923718712753,EUW1
165,6022,Koldo,Luis Pérez,55%,89,74,163,Master I ,1450,834,1438,3.462829736211031,EUW1
166,6023,Hatrixx,Jørgen Elgåen,52%,27,25,52,Diamond I ,359,277,343,2.5342960288808665,EUW1
167,6024,Flakked,Victor Lirola,51%,151,145,296,Grandmaster I ,2001,1642,2166,2.5377588306942753,EUW1
168,6025,Agresivoo,Tobiasz Ciba,46%,62,72,134,Master I ,746,922,615,1.4761388286334056,EUW1
169,6028,Jezu,Jean Massol,50%,4,4,8,Grandmaster I ,69,46,59,2.782608695652174,EUW1
170,6035,Lucker,Cantoursna An,50%,7,7,14,Grandmaster I ,108,86,88,2.2790697674418605,EUW1
171,6038,Trymbi,Adrian Trybus,45%,21,26,47,Master I ,190,231,551,3.207792207792208,EUW1
172,6042,Vsta,Oh Hyo-seong (오효성),56%,55,43,98,Grandmaster I ,314,396,1106,3.585858585858586,KR
173,6044,Mystic,Jin Seong-jun (진성준),67%,6,3,9,Platinum II ,71,48,50,2.5208333333333335,KR
174,6045,HyBriD,Lee Woo-jin (이우진),51%,23,22,45,Master I ,371,217,275,2.9769585253456223,KR
175,6049,Doran,Choi Hyeon-joon (최현준),51%,211,203,414,Master I ,2332,2697,2331,1.728958101594364,KR
176,6050,Keria,Ryu Min-seok (류민석),52%,144,135,279,Master I ,981,1841,2982,2.1526344378055406,KR
177,6051,Pyosik,Hong Chang-hyeon (홍창현),49%,246,251,497,Diamond I ,3813,2671,3935,2.9007862223886183,KR
178,6052,Doinb,Kim Tae-sang (김태상),55%,133,109,242,Master I ,1408,1279,1944,2.620797498045348,KR
179,6057,FATE,Yoo Su-hyeok (유수혁),50%,118,119,237,Grandmaster I ,1263,1087,1510,2.5510579576816927,KR
180,6058,Canna,Kim Chang-dong (김창동),54%,126,107,233,Grandmaster I ,1214,1171,1104,1.9795046968403074,KR
181,6059,Ellim,Choi El-lim (최엘림),39%,29,45,74,Master I ,477,460,477,2.0739130434782607,KR
182,6060,Gumayusi,Lee Min-hyeong (이민형),54%,168,145,313,Master I ,1998,1842,2079,2.2133550488599347,KR
183,6061,Tian,Gao Tian-Liang (高天亮),54%,209,176,385,Grandmaster I ,2883,2152,2870,2.6733271375464684,KR
184,6065,Blue,Ersin Gören,0%,0,3,3,Diamond II ,20,24,19,1.625,EUW1
185,6072,Stillnumb,Onurcan Başkurt,51%,293,284,577,Master I ,4503,3840,3489,2.08125,TR1
186,6075,WaenA,Berşan Aydın,46%,98,114,212,Master I ,1718,1381,1244,2.1448225923244024,TR1
187,6076,Kituruken,Umut Ceylan,50%,230,233,463,Grandmaster I ,3621,2965,3574,2.426644182124789,TR1
188,6078,Absolute,Batuhan Okta,45%,61,74,135,Master I ,435,730,1452,2.584931506849315,TR1
189,6080,Ferret,Hakan Mert Çakmak,54%,37,32,69,Challenger I ,571,381,507,2.8293963254593177,TR1
190,6081,Serin,Tolga Ölmez,52%,280,263,543,Challenger I ,4062,3203,3565,2.381205120199813,TR1
191,6082,Kaori,Muhammed Hasan Şentürk,53%,90,79,169,Challenger I ,1331,1080,1358,2.4898148148148147,TR1
192,6086,Elramir,Taha Yurdagüven,50%,8,8,16,Diamond III ,144,93,153,3.193548387096774,TR1
193,6089,Rhioni,Yücel Morgil,57%,67,51,118,Master I ,944,604,734,2.7781456953642385,TR1
194,6092,Thien,Romeo Tran,54%,64,54,118,Grandmaster I ,733,530,655,2.6188679245283017,NA1
195,6114,rjs,Alexey Zatorski,48%,182,197,379,Grandmaster I ,2333,2591,2415,1.832497105364724,NA1
196,6116,Evolved,Jackson Dohan,55%,167,139,306,Challenger I ,2385,1737,1809,2.4145077720207255,NA1
197,6125,Arthur,Park Mi-reu (박미르),72%,42,16,58,Master I ,484,245,444,3.7877551020408164,KR
198,6126,NOsFerus,Júlio César Cruz,68%,15,7,22,Diamond I ,200,103,146,3.3592233009708736,BR1
199,6130,Professor,Matheus Leirião,62%,16,10,26,Gold III ,186,147,136,2.1904761904761907,BR1
200,6134,Tutsz,Arthur Peixoto Machado,52%,44,40,84,Diamond I ,601,466,611,2.6008583690987126,BR1
201,6135,Wos,Willyan Bonpam,60%,53,35,88,Grandmaster I ,318,458,1164,3.2358078602620086,BR1
202,6136,Yampi,Yan Petermann,60%,35,23,58,Master I ,396,297,509,3.047138047138047,BR1
203,6137,SirhcEz,Chris Enteria,100%,2,0,2,Diamond I ,4,11,18,2.0,NA1
204,6138,Noway4u,Frederik,54%,162,139,301,Challenger I ,2061,1832,2075,2.2576419213973797,EUW1
205,6139,Pobelter,Eugene Park,58%,77,56,133,Grandmaster I ,843,614,882,2.8094462540716614,NA1
206,6143,Revenge,Mohamed Kaddoura,43%,22,29,51,Challenger I ,350,303,295,2.128712871287129,NA1
207,6168,Ghost,Jang Yong-jun (장용준),50%,60,59,119,Diamond I ,652,660,892,2.3393939393939394,KR
208,6175,Tally,James Shute,49%,58,60,118,Master I ,708,641,690,2.1809672386895476,NA1
209,6179,Trigger,Kim Eui-joo (김의주),53%,107,96,203,Master I ,1158,985,1342,2.5380710659898478,KR
210,6180,Rich,Lee Jae-won (이재원),44%,24,30,54,Diamond I ,294,344,220,1.494186046511628,KR
211,6182,Deokdam,Seo Dae-gil (서대길),50%,133,134,267,Master I ,1729,1868,1659,1.8137044967880085,KR
212,6187,Alois,Alois Nelissen,54%,73,61,134,Grandmaster I ,839,757,693,2.023778071334214,EUW1
213,6191,Brolia,Murat Mert İlgün,48%,43,46,89,Master I ,210,532,1231,2.7086466165413534,TR1
214,6193,CarioK,Marcos Santos de Oliveira Junior,58%,45,33,78,Grandmaster I ,688,439,677,3.1093394077448746,BR1
215,6194,Chime,Johnathan Pomponio,49%,35,37,72,Master I ,167,410,1000,2.846341463414634,NA1
216,6196,Efias,Oleksandr Yankovich,43%,60,79,139,Diamond I ,526,802,1438,2.4488778054862843,TR1
217,6198,Solo,Colin Earnest,50%,4,4,8,Platinum I ,23,28,51,2.642857142857143,NA1
218,6201,Neon,Matúš Jakubčík,57%,117,88,205,Master I ,1618,1262,1450,2.4310618066561016,EUW1
219,6203,Hawk,Gabriel Gomes,52%,47,44,91,Grandmaster I ,339,508,1223,3.074803149606299,BR1
220,6204,Tyrin,William Portugal,48%,90,99,189,Master I ,989,920,823,1.9695652173913043,BR1
221,6205,Typhoon,Tayfun Gümüş,0%,0,1,1,Platinum I ,18,13,2,1.5384615384615385,TR1
222,6206,Tomo,Frank Lam,50%,134,134,268,Grandmaster I ,1921,1560,1729,2.33974358974359,NA1
223,6209,Sting,Luís Gustavo Dirami Martins,57%,88,66,154,Grandmaster I ,1407,780,1263,3.423076923076923,BR1
224,6210,Sparz,Ozan Samican Özbay,55%,12,10,22,Master I ,70,145,325,2.7241379310344827,TR1
225,6213,Robin,Emray Kurt,50%,156,157,313,Diamond II ,2443,2617,2492,1.8857470385938098,TR1
226,6214,Revolta,Gabriel Henud Cresci,53%,21,19,40,Diamond I ,250,191,325,3.0104712041884816,BR1
227,6218,Poome,Philippe Lavoie-Giguere,50%,95,94,189,Master I ,719,1172,2328,2.599829351535836,NA1
228,6220,Oncan,Onurcan Atak,46%,30,35,65,Diamond II ,346,373,360,1.8927613941018766,TR1
229,6227,Labrov,Labros Papoutsakis,46%,59,68,127,Grandmaster I ,310,805,1851,2.684472049689441,EUW1
230,6228,Ksaez,Yunus Emre Şahin,55%,46,38,84,Master I ,577,380,540,2.9394736842105265,TR1
231,6229,Kryze,Felix Hellström,0%,0,2,2,Platinum I ,15,10,9,2.4,EUW1
232,6245,ZaZee,Dirk Mallner,70%,7,3,10,Diamond IV ,81,52,69,2.8846153846153846,EUW1
233,6247,Viper,Park Do-hyeon (박도현),67%,29,14,43,Master I ,315,210,318,3.0142857142857142,KR
234,6259,Kingen,Hwang Seong-hoon (황성훈),49%,111,116,227,Diamond I ,1239,1281,1210,1.9117876658860264,KR
235,6262,Wings,Wang Shu-Kai (王书凯),53%,86,75,161,Grandmaster I ,923,803,907,2.278953922789539,KR
236,6266,Fenfen,Huang Chen (黄琛),55%,58,48,106,Challenger I ,840,564,792,2.893617021276596,KR
237,6274,Zeka,Kim Geon-woo (김건우),55%,45,37,82,Challenger I ,517,384,433,2.4739583333333335,KR
238,6278,Cube,Dai Yi (戴逸),50%,218,217,435,Diamond III ,2131,2264,2955,2.2464664310954063,KR
239,6279,Karsa,Hung Hao-Hsuan (洪浩軒),53%,207,181,388,Master I ,2549,1866,3033,2.9914255091103965,KR
240,6286,Kanavi,Seo Jin-hyeok (서진혁),55%,153,125,278,Grandmaster I ,2106,1578,1830,2.494296577946768,KR
241,6288,LokeN,Lee Dong-wook (이동욱),56%,75,60,135,Master I ,953,558,920,3.35663082437276,KR
242,6289,LvMao,Zuo Ming-Hao (左名豪),56%,47,37,84,Diamond I ,210,354,908,3.15819209039548,KR
243,6295,Peanut,Yoon Wang-ho (윤왕호),54%,138,118,256,Master I ,1359,1291,1822,2.4639814097598762,KR
244,6300,Maple,Huang Yi-Tang (黃熠棠),40%,2,3,5,Grandmaster I ,14,29,47,2.103448275862069,KR
245,6308,Ruby,Lee Sol-min (이솔민),78%,21,6,27,Challenger I ,141,140,248,2.7785714285714285,KR
246,6310,Crazy,Kim Jae-hee (김재희),36%,14,25,39,Master I ,223,244,202,1.7418032786885247,KR
247,6318,huanfeng,Tang Huan-Feng (唐焕烽),54%,47,40,87,Diamond I ,658,503,703,2.7057654075546718,KR
248,6321,Morgan,Park Gi-tae (박기태),55%,186,155,341,Challenger I ,1718,1458,1751,2.3792866941015087,KR
249,6327,Knight,Zhuo Ding (卓定),52%,133,122,255,Challenger I ,1667,1462,1567,2.2120383036935705,KR
250,6328,yuyanjia,Liang Jia-Yuan (梁家源),55%,11,9,20,Diamond II ,45,86,285,3.8372093023255816,KR
251,6329,fabFabulous,Asım Cihat Karakaya,48%,47,51,98,Diamond I ,435,508,591,2.0196850393700787,TR1
252,6331,Kofte,Emre Akça,55%,111,90,201,Challenger I ,1293,934,1241,2.7130620985010707,TR1
253,6332,Padden,Ege Acar Koparal,52%,12,11,23,Diamond IV ,148,150,157,2.033333333333333,TR1
254,6333,Ragner,Onurcan Aslan,38%,10,16,26,Diamond I ,111,155,134,1.5806451612903225,TR1
255,6334,Uzi,Jian Zi-Hao (简自豪),52%,114,107,221,Master I ,1581,1331,1396,2.236664162283997,KR
256,6335,Chasy,Kim Dong-hyeon (김동현),50%,116,116,232,Master I ,1196,1200,1293,2.0741666666666667,KR
257,6338,Jeskla,Jesper Klarin Strömberg,51%,65,63,128,Master I ,781,804,933,2.1318407960199006,EUW1
258,6349,Pilot,Na Woo-hyung (나우형),49%,77,79,156,Diamond I ,1065,838,910,2.356801909307876,TR1
259,6351,promisq,Hampus Mikael Abrahamsson,25%,5,15,20,Diamond I ,114,142,125,1.6830985915492958,EUW1
260,6353,Newbie,Leandro Marcos,33%,5,10,15,Challenger I ,21,73,178,2.7260273972602738,NA1
261,6354,Niles,Aiden Tidwell,57%,56,43,99,Master I ,655,593,627,2.1618887015177064,NA1
262,6356,Hooks,Osama Alkhalaileh,75%,3,1,4,Platinum I ,34,31,25,1.903225806451613,NA1
263,6357,Joey,Joseph Haslemann,45%,21,26,47,Diamond I ,90,248,525,2.4798387096774195,NA1
264,6358,Mystiques,Patryk Piórkowski,46%,30,35,65,Diamond II ,164,417,809,2.3333333333333335,NA1
265,6359,Copy,Jouhan Pathmanathan,62%,72,44,116,Challenger I ,711,531,754,2.7589453860640303,NA1
266,6360,Fizzi,CJ Savino,67%,14,7,21,Platinum I ,91,116,189,2.413793103448276,NA1
267,6361,Keel,Ryan Keel,51%,171,166,337,Grandmaster I ,2287,2117,2715,2.362777515351913,NA1
268,6365,RoseThorn,"Tae-ho ""Timothy"" Kim (김태호)",60%,121,82,203,Challenger I ,1738,1127,1781,3.122448979591837,NA1
269,6370,Spawn,Trevor Kerr-Taylor,55%,94,76,170,Grandmaster I ,1059,846,1191,2.6595744680851063,NA1
270,6373,Tenacity,Milan Oleksij,32%,11,23,34,Diamond IV ,160,182,163,1.7747252747252746,NA1
271,6374,Tony Top,Zheng Fen,55%,69,57,126,Grandmaster I ,710,678,663,2.0250737463126844,NA1
272,6377,WhiteKnight,Matti Sormunen,50%,22,22,44,Diamond I ,252,193,234,2.518134715025907,EUW1
273,6378,Elyoya,Javier Prades Batalla,49%,23,24,47,Diamond II ,337,279,371,2.5376344086021505,EUW1
274,6379,Vetheo,Vincent Berrié,53%,230,203,433,Challenger I ,3291,2142,2626,2.7623716153127917,EUW1
275,6380,TynX,Kristian Østergaard Hansen,43%,28,37,65,Master I ,525,443,472,2.250564334085779,EUW1
276,6381,Sinmivak,Jakub Rucki,57%,51,39,90,Diamond II ,552,463,499,2.2699784017278617,EUW1
277,6382,Chres,Chres Laursen,48%,26,28,54,Diamond I ,388,269,362,2.7881040892193307,EUW1
278,6383,Pyrka,Łukasz Grześkowiak,55%,73,59,132,Master I ,320,678,1644,2.896755162241888,EUW1
279,6384,Carlsen,Carl Ulsted Carlsen,53%,72,63,135,Master I ,1030,754,605,2.1684350132625996,EUW1
280,6385,Mixsi,Mikkel Bay-Smidt Christensen,43%,6,8,14,Diamond III ,100,121,106,1.7024793388429753,EUW1
281,6387,Rylle,Mikkel Rylander Christiansen,58%,56,41,97,Diamond III ,742,412,523,3.070388349514563,EUW1
282,6388,Kadaver,Kasper Müller Nielsen,51%,60,57,117,Master I ,739,513,924,3.2417153996101367,EUW1
283,6390,RotteBengi,Benjamin Jørgensen,56%,109,84,193,Grandmaster I ,1582,1394,1815,2.4368723098995697,EUW1
284,6391,Markoon,Mark van Woensel,50%,175,176,351,Master I ,2862,1828,2932,3.1695842450765865,EUW1
285,6392,Advienne,Henk Reijenga,48%,92,98,190,Master I ,521,1077,2515,2.818941504178273,EUW1
286,6394,Bean,Louis Schmitz,51%,83,79,162,Master I ,1129,1093,1277,2.20128087831656,EUW1
287,6395,rhuckz,Rúben Barbosa,51%,41,40,81,Master I ,238,467,1212,3.1049250535331905,EUW1
288,6398,Fresskowy,Bartłomiej Przewoźnik,51%,125,120,245,Master I ,1631,1218,1742,2.7692939244663384,EUW1
289,6399,Alexx,Alexander Österlind,54%,129,110,239,Grandmaster I ,1720,1251,2140,3.085531574740208,EUW1
290,6400,knighter,Jonas Bryder Jensen,58%,94,68,162,Master I ,1144,801,1186,2.908863920099875,EUW1
291,6401,Shlatan,Lucjan Ahmad,67%,2,1,3,Diamond I ,28,19,23,2.6842105263157894,EUW1
292,6402,NUCLEARINT,Ilias Bizriken,47%,77,88,165,Master I ,1259,1088,985,2.0625,EUW1
293,6403,Obsess,Patrick Engelmann,50%,1,1,2,Master I ,20,11,23,3.909090909090909,EUW1
294,6404,Kynetic,Leander Sydekum,54%,155,132,287,Master I ,2060,1524,2048,2.695538057742782,EUW1
295,6405,Tolerant,Barış Çepnioğlu,51%,47,45,92,Master I ,267,516,1247,2.934108527131783,EUW1
296,6406,Canee,Marc Behrend,39%,60,94,154,Diamond III ,1276,1095,1097,2.1671232876712327,EUW1
297,6407,UNF0RGIVEN,William Nieminen,54%,154,130,284,Grandmaster I ,2273,1726,2165,2.571263035921205,EUW1
298,6408,Lilipp,Philipp Samuel Englert,49%,23,24,47,Diamond II ,203,320,615,2.55625,EUW1
299,6409,R4VEN,Miłosz Domagalski,53%,161,144,305,Challenger I ,1666,1577,1760,2.1724793912492073,EUW1
300,6411,Hustlin,Morgan Granberg,50%,1,1,2,Platinum I ,6,11,25,2.8181818181818183,EUW1
301,6412,Diplex,Dimitri Ponomarev,60%,155,105,260,Challenger I ,2083,1492,1481,2.388739946380697,EUW1
302,6413,Memento,Jonas Elmarghichi,56%,123,95,218,Master I ,1629,1397,1405,2.171796707229778,EUW1
303,6414,Ucal,Son Woo-hyeon (손우현),100%,1,0,1,Challenger I ,11,3,15,8.666666666666666,KR
304,6415,UmTi,Eom Seong-hyeon (엄성현),55%,153,123,276,Challenger I ,1878,1209,2364,3.5086848635235732,KR
305,6416,BAO,Jeong Hyeon-woo (정현우),0%,0,2,2,Challenger I ,17,11,14,2.8181818181818183,KR
306,6417,Bay,Park Jun-byeong (박준병),50%,187,189,376,Grandmaster I ,1884,1635,2846,2.8929663608562692,KR
307,6418,Becca,Son Min-woo (손민우),38%,21,35,56,Challenger I ,113,312,683,2.551282051282051,KR
308,6419,Blank,Kang Sun-gu (강선구),30%,9,21,30,Master I ,180,207,168,1.681159420289855,KR
309,6420,Bonnie,Lee Gwang-su (이광수),40%,8,12,20,Diamond I ,105,134,123,1.7014925373134329,KR
310,6421,Clozer,Lee Ju-hyeon (이주현),51%,125,119,244,Diamond I ,1446,1633,1480,1.7917942437232088,NA1
311,6422,Croco,Kim Dong-beom (김동범),56%,103,82,185,Diamond I ,1294,916,1352,2.888646288209607,KR
312,6423,Delight,Yoo Hwan-joong (유환중),51%,197,191,388,Master I ,1120,1937,4255,2.774909654104285,KR
313,6425,DuDu,Lee Dong-ju (이동주),52%,189,175,364,Diamond I ,2242,2279,1716,1.7367266344888108,KR
314,6426,Hena,Park Jeung-hwan (박증환),52%,250,235,485,Master I ,2783,2243,3139,2.640213999108337,KR
315,6427,Hoya,Yoon Yong-ho (윤용호),53%,144,127,271,Diamond I ,1584,1591,1402,1.8768070395977372,KR
316,6429,Oner,Moon Hyeon-joon (문현준),50%,79,78,157,Master I ,1326,838,1149,2.9534606205250595,KR
317,6430,Zeus,Choi Woo-je (최우제),49%,208,213,421,Master I ,2276,2693,1981,1.5807649461567026,KR
318,6433,Coldraa,Samet Safran,74%,23,8,31,Grandmaster I ,231,129,207,3.395348837209302,TR1
319,6434,Eden Fox,Wilfred Ding,55%,190,155,345,Grandmaster I ,2536,1993,2255,2.4039136979427997,TR1
320,6435,Farfetch,Berk Badur,55%,106,86,192,Challenger I ,575,1212,2568,2.5932343234323434,TR1
321,6436,Jeyrus,Tunahan Durmaz,48%,116,126,242,Master I ,1878,1608,1629,2.1809701492537314,TR1
322,6437,Kamil,Kamil Marcysiak,56%,115,89,204,Grandmaster I ,1759,1010,1507,3.233663366336634,TR1
323,6438,Lenom,Yiğit Kantar,58%,15,11,26,Master I ,227,160,184,2.56875,TR1
324,6441,Neramin,Hasan Samarsın,60%,167,113,280,Challenger I ,2822,2153,1838,2.1644217371110077,TR1
325,6444,Shawi Katami,Mehmet Efe,48%,222,243,465,Challenger I ,1682,2753,5796,2.7163094805666548,TR1
326,6445,Tumay,Recep Tümay Efe Tekin,48%,181,194,375,Diamond I ,3196,2443,2777,2.44494474007368,TR1
327,6446,Zergsting,Onur Ünalan,50%,67,67,134,Grandmaster I ,415,750,1506,2.5613333333333332,TR1
328,6453,Only35,Mehmet Emin Aydın,48%,11,12,23,Diamond II ,43,147,343,2.6258503401360542,TR1
329,6454,Aegis,Gabriel Vinicius Saes de Lemos,50%,71,71,142,Master I ,1477,855,1096,3.009356725146199,BR1
330,6455,Avenger,Adriano Perassoli,0%,0,1,1,Platinum I ,16,12,4,1.6666666666666667,BR1
331,6456,Bydeki,Vinícius Hideki,53%,73,65,138,Diamond I ,990,673,1018,2.9836552748885588,BR1
332,6458,Disave,David Chaves,47%,89,99,188,Master I ,1221,873,1220,2.7961053837342495,BR1
333,6460,Dynquedo,Matheus Rossini,44%,7,9,16,Platinum I ,102,82,136,2.902439024390244,BR1
334,6461,Erasus,Leonardo Faria,33%,6,12,18,Master I ,153,143,141,2.055944055944056,BR1
335,6463,Evrot,Danniel Franco,58%,50,36,86,Diamond I ,556,444,847,3.15990990990991,BR1
336,6466,Guigo,Guilherme Ruiz,53%,69,60,129,Master I ,1022,1053,679,1.6153846153846154,BR1
337,6468,JoJo,Gabriel Dzelme de Oliveira,61%,69,44,113,Master I ,336,549,1648,3.6138433515482697,BR1
338,6469,Krastyel,Marcos Henrique Ferraz,67%,37,18,55,Master I ,399,280,358,2.7035714285714287,BR1
339,6472,TitaN,Alexandre Lima dos Santos,58%,29,21,50,Diamond I ,467,344,377,2.453488372093023,BR1
340,6473,Trigo,Matheus Trigo Nobrega,53%,41,37,78,Master I ,570,403,609,2.925558312655087,BR1
341,6475,Wizer,Choi Ui-seok (최의석),22%,2,7,9,Master I ,39,62,56,1.532258064516129,BR1
342,6476,Gori,Kim Tae-woo (김태우),54%,150,128,278,Master I ,1701,1241,1598,2.6583400483481063,KR
343,6477,Tarzan,Lee Seung-yong (이승용),53%,42,38,80,Master I ,562,407,728,3.1695331695331697,KR
344,6478,Nemesis,Tim Lipovšek,58%,257,189,446,Master I ,2945,2342,2283,2.232280102476516,KR
345,6481,Crownshot,Juš Marušič,54%,52,45,97,Master I ,647,575,653,2.260869565217391,EUW1
346,6482,MagiFelix,Felix Boström,55%,42,34,76,Grandmaster I ,338,314,670,3.210191082802548,EUW1
347,6483,Kirei,Thomas Yuen,54%,212,177,389,Master I ,2869,2029,2958,2.8718580581567275,EUW1
348,6486,twohoyrz,Mihail Petkov (Михаил Петков),52%,151,138,289,Master I ,1358,1834,2594,2.154852780806979,EUW1
349,6487,Jesiz,Jesse Le,62%,42,26,68,Master I ,372,296,637,3.4087837837837838,EUW1
350,6489,SLT,Enzo Gonzalez,54%,116,97,213,Grandmaster I ,1088,1201,1319,2.004163197335554,EUW1
351,6490,Danny,Kyle Sakamaki,73%,11,4,15,Diamond I ,135,64,136,4.234375,NA1
352,6491,Josedeodo,Brandon Joel Villegas,67%,4,2,6,Diamond IV ,40,17,43,4.882352941176471,NA1
353,6492,Zwyroo,Artur Trojan,52%,105,97,202,Master I ,1341,985,1278,2.6588832487309646,BR1
354,6493,Kackos,Krzysztof Kubziakowski,54%,41,35,76,Diamond I ,480,450,443,2.051111111111111,EUW1
355,6494,TeamLuke,Luke Wasikowski,50%,15,15,30,Diamond I ,202,165,224,2.581818181818182,NA1
356,6495,jojopyun,Joseph Pyun,44%,4,5,9,Challenger I ,70,79,82,1.9240506329113924,NA1
357,6496,Yeon,Sean Sung,52%,67,63,130,Grandmaster I ,1034,885,917,2.2045197740112994,NA1
358,6499,Jockster,Luan Cardoso,35%,7,13,20,Master I ,78,127,237,2.4803149606299213,BR1
359,6501,Scuro,Gabriel Scuro,55%,88,73,161,Grandmaster I ,761,832,1894,3.191105769230769,BR1
360,6503,Sephis,Diego Alejandro de Alencar Jara,39%,41,63,104,Diamond IV ,633,522,789,2.7241379310344827,BR1
361,6504,Drop,Matheus Herdy,49%,109,112,221,Grandmaster I ,1471,1385,1418,2.0859205776173284,BR1
362,6505,Roulette,Mesut Balı,51%,174,166,340,Grandmaster I ,2626,1687,2650,3.127445168938945,EUW1
363,6506,Black,Murat Ulukan Ayaz,53%,55,49,104,Master I ,795,723,719,2.0940525587828493,EUW1
364,6508,SoHwan,Kim Jun-yeong (김준영),51%,27,26,53,Grandmaster I ,254,209,298,2.6411483253588517,EUW1
365,6510,Dajor,Oliver Ryppa,52%,60,55,115,Master I ,668,798,758,1.786967418546366,EUW1
366,6511,Chieftain,Lee Jae-yub (이재엽),53%,18,16,34,Diamond I ,218,152,268,3.1973684210526314,KR
367,6513,Zzus,Jang Joon-soo (장준수),67%,24,12,36,Master I ,54,144,459,3.5625,KR
368,6514,Prince,Lee Chae-hwan (이채환),51%,164,160,324,Master I ,2273,1603,2153,2.761072988147224,KR
369,6515,Yursan,Wang Sheng-Yu (王聖佑),54%,26,22,48,Diamond I ,107,240,656,3.1791666666666667,NA1
